ZONE DE MILLEPERTUIS 03400 YZEURE;,46.535202,3.385187,"Cynodrome de Millepertuis, 03400 Yzeure, France",,,Cynodrome de Millepertuis,03400,Allier,Yzeure,,Yzeure,Auvergne-Rhone-Alpes,ARA,1,,,France,fr,1,© OpenStreetMap contributors,Open Database License,https://www.openstreetmap.org/copyright
Rue de la Faraie 69770 chambost longessaigne;,45.791615,4.424964,"Rue de la Mairie, 69770 Longessaigne, France",,,Rue de la Mairie,69770,Rhône,Longessaigne,,Longessaigne,Auvergne-Rhone-Alpes,ARA,0.5,0.25,,France,fr,0.25,© OpenStreetMap contributors,Open Database License,https://www.openstreetmap.org/copyright
SALLE DU COSEC  62510 ARQUES;,50.740222,2.319028,"62510 Arques, France",,62510,,62510,Pas-de-Calais,,,Arques,Upper France,,1,,,France,fr,0.25,Who's On First,CC0,https://www.whosonfirst.org/docs/licenses/
Palais des Sports  à Elancourt 78990 Elancourt;,48.7664215,1.9462131268939387,"Palais des Sports, Allée des Papyrus, 78990 Élancourt, France",,Palais des Sports,Allée des Papyrus,78990,Yvelines,,,Élancourt,Ile-de-France,IDF,1,0.9,,France,fr,0.8804347826086957,© OpenStreetMap contributors,Open Database License,https://www.openstreetmap.org/copyright
2 place ELIZALDE 64990 MOUGUERRE;,43.448064,-1.397548,"Mouguerre, New Aquitaine, France",,,,,Pyrénées-Atlantiques,,,Mouguerre,New Aquitaine,,1,,,France,fr,0.25,Who's On First,CC0,https://www.whosonfirst.org/docs/licenses/
Ruelle fondue 08140 BAZEILLES;,49.6786726,4.9793279,"Rue Fondue, 08140 Bazeilles, France",,Rue Fondue,Rue Fondue,08140,Ardennes,Bazeilles,,Bazeilles,Grand Est,GES,1,1,,France,fr,1,© OpenStreetMap contributors,Open Database License,https://www.openstreetmap.org/copyright
"Salle Jean Zay,Rue du 8 Mai 1945 62223 SAINT-LAURENT-BLANGY;",50.301844,2.799305,"Rue du 8 Mai 1945, 62223 Saint-Laurent-Blangy, France",,,Rue du 8 Mai 1945,62223,Pas-de-Calais,Saint-Laurent-Blangy,,Saint-Laurent-Blangy,Upper France,,1,1,,France,fr,0.5,© OpenStreetMap contributors,Open Database License,https://www.openstreetmap.org/copyright
17 Rue Léo Lagrange 33500 LES BILLAUX;,44.9501162,-0.2426612,"17 Rue Léo Lagrange, 33500 Libourne, France",17,Rue Léo Lagrange,Rue Léo Lagrange,33500,Gironde,Les Dagueys,,Libourne,Nouvelle-Aquitaine,NAQ,1,1,0,France,fr,0.475,© OpenStreetMap contributors,Open Database License,https://www.openstreetmap.org/copyright
48 Rue de la Diligence 79100 Thouars / Sainte Verge;,47.003655,-0.210236,"48 Rue De La Diligence, 79100 Sainte-Verge, France",48,,Rue De La Diligence,79100,Deux-Sèvres,Sainte-Verge,,Sainte-Verge,New Aquitaine,,1,1,1,France,fr,1,© OpenAddresses contributors,BSD-3-Clause License,
Rue Gabriel Davenne 08300 Tagnon;,49.439296,4.286763,"Tagnon (Tagnon), Great East, France",,,,,Ardennes,Tagnon,,Tagnon,Great East,,1,,,France,fr,0.5,Who's On First,CC0,https://www.whosonfirst.org/docs/licenses/
"Gymnase C3R, 3 rue de Ecoles 78470 St Rémy les Chevreuse;",48.7068676,2.0690255,"Complexe sportif des 3 Rivières, 3 Rue des Écoles, 78470 Saint-Rémy-lès-Chevreuse, France",3,Complexe sportif des 3 Rivières,Rue des Écoles,78470,Yvelines,Rhodon,,Saint-Rémy-lès-Chevreuse,Ile-de-France,IDF,1,1,1,France,fr,0.9,© OpenStreetMap contributors,Open Database License,https://www.openstreetmap.org/copyright
Salle OmnisportAvenue du Stade 16190 MONTMOREAU;,47.108906,0.570805,"Salle du stade, 37800 Noyant-de-Touraine, France",,,Salle du stade,37800,Indre-et-Loire,Noyant-De-Touraine,,Noyant-de-Touraine,Centre,,0.35714285714285715,,,France,fr,0.35714285714285715,© OpenStreetMap contributors,Open Database License,https://www.openstreetmap.org/copyright
Chemin de Beausoleil derrière le collè 51200 EPERNAY;,49.039801,3.955169,"51200 Epernay (Épernay), France",,,,51200,Marne,Epernay,,Épernay,Great East,,1,,,France,fr,0.5,Who's On First,CC0,https://www.whosonfirst.org/docs/licenses/
Gymnase St SUSPY – Chemin du Creux  13140 MIRAMAS;,43.5916352,5.0111454,"Chemin du Creux, 13140 Miramas, France",,Chemin du Creux,Chemin du Creux,13140,Bouches-du-Rhône,,,Miramas,Provence-Alpes-Côte d'Azur,PAC,1,1,,France,fr,0.5,© OpenStreetMap contributors,Open Database License,https://www.openstreetmap.org/copyright
Salle Edouard Matarasso -  17100 SAINTES;,45.753043,-0.648252,"Salle Yvon Chevalier, 17100 Saintes, France",,,Salle Yvon Chevalier,17100,Charente-Maritime,Saintes,,Saintes,New Aquitaine,,1,,,France,fr,1,© OpenStreetMap contributors,Open Database License,https://www.openstreetmap.org/copyright
Salle pierre David 44240 LA CHAPELLE SUR ERDRE;,47.381997,3.330148,"273 Sur La Petite Chapelle, 58210 La Chapelle-Saint-André, France",273,,Sur La Petite Chapelle,58210,Nièvre,La Chapelle-Saint-Andre,,La Chapelle-Saint-André,Burgundy-Franche-Comte,BFC,0.375,,,France,fr,0,© OpenAddresses contributors,BSD-3-Clause License,
Mesnil / oger Avenue Eugene Guillaume  51190 Mesnil / oger;,48.798233,2.516879,"51190 Avenue du Mesnil, 94210 Saint-Maur-des-Fossés, France",51190,,Avenue du Mesnil,94210,Val-de-Marne,Saint-Maur-des-Fossés,,Saint-Maur-des-Fossés,Ile-of-France,IDF,0.1111111111111111,0.09999999999999999,,France,fr,0.45,© OpenStreetMap contributors,Open Database License,https://www.openstreetmap.org/copyright
"Stade Adrien Alary, gymnase N6 82100 CASTELSARRASIN;",44.033223,1.117148,"Stade Alary, 82100 Route de Toulouse, 82100 Castelsarrasin, France",82100,Stade Alary,Route de Toulouse,82100,Tarn-et-Garonne,Castelsarrasin,,Castelsarrasin,Occitania,OCC,1,,,France,fr,0,© OpenStreetMap contributors,Open Database License,https://www.openstreetmap.org/copyright
26 rue des 2 communes 86000 POITIERS;,46.578486,0.345003,"86000 Poitiers (Poitiers), France",,,,86000,Vienne,Poitiers,,Poitiers,New Aquitaine,,1,,,France,fr,0.25,Who's On First,CC0,https://www.whosonfirst.org/docs/licenses/
Salles Omnisport du Moulin Blanc 83990 Saint-Tropez;,46.173629,3.201166,"Rue du Moulin de Salles, 03800 Saint-Germain-De-Salles, France",,,Rue du Moulin de Salles,03800,Allier,Saint-Germain-De-Salles,,Saint-Germain-De-Salles,Auvergne-Rhone-Alpes,ARA,0.15384615384615385,,,France,fr,0,© OpenStreetMap contributors,Open Database License,https://www.openstreetmap.org/copyright
Rue principale 67370 Willgothheim;,48.6554368,7.547642,"Rue Principale, 67370 Neugartheim-Ittlenheim, France",,,Rue Principale,67370,Bas-Rhin,Ittlenheim,,Neugartheim-Ittlenheim,Grand Est,GES,1,1,,France,fr,1,© OpenStreetMap contributors,Open Database License,https://www.openstreetmap.org/copyright
salle polyvalente  route du sTAde 17810 SAINT GEORGES DES COTEAUX;,45.7671582,-0.7109367,"Route du Stade, 17810 Saint-Georges-des-Coteaux, France",,Route du Stade,Route du Stade,17810,Charente-Maritime,Le Noyer à Moreau,,Saint-Georges-des-Coteaux,Nouvelle-Aquitaine,NAQ,1,1,,France,fr,0.5,© OpenStreetMap contributors,Open Database License,https://www.openstreetmap.org/copyright
105 rue des fossées 45400 Fleury les aubrais;,47.929474,1.926186,"105 Rue des Fossés, 45400 Fleury-les-Aubrais, France",105,,Rue des Fossés,45400,Loiret,Fleury-Les-Aubrais,,Fleury-les-Aubrais,Centre,,1,0.7714285714285714,0.7714285714285714,France,fr,0.7714285714285714,© OpenStreetMap contributors,Open Database License,https://www.openstreetmap.org/copyright
108 rue Claude Antoine Peccot 44700 ORVAULT;,47.2513057,-1.610807,"108 Avenue Claude Antoine Peccot, 44700 Orvault, France",108,,Avenue Claude Antoine Peccot,44700,Loire-Atlantique,La Cholière,La Salentine,Orvault,Pays de la Loire,PDL,1,1,1,France,fr,1,© OpenStreetMap contributors,Open Database License,https://www.openstreetmap.org/copyright
Complexe Multisport du Salat 13310 Saint-Martin-de-Crau;,,,,,,,,,,,,,,,,,,,,,,
Impasse des Colibris 33380 Mios;,44.608162,-0.932254,"Mios (Mios), New Aquitaine, France",,,,,Gironde,Mios,,Mios,New Aquitaine,,1,,,France,fr,0.5,Who's On First,CC0,https://www.whosonfirst.org/docs/licenses/
Allée Jules Verne 44850 LIGNÉ;,47.411864,-1.377774,"Ligne (Ligné), PDL, France",,,,,Loire-Atlantique,Ligne,,Ligné,Pays de la Loire,PDL,1,,,France,fr,0.5,Who's On First,CC0,https://www.whosonfirst.org/docs/licenses/
"Salle omnisport 1,2 et 3 85300 Sallertaine;",46.831329,-1.887826,"Salle des Noues, 19 Chemin des Noues, 85300 Challans, France",19,Salle des Noues,Chemin des Noues,85300,Vendée,Challans,,Challans,Pays de la Loire,PDL,1,,,France,fr,0,© OpenStreetMap contributors,Open Database License,https://www.openstreetmap.org/copyright
Salle de sport de l'Antonnière 72650 La Milesse;,48.069027,0.136698,"72650 La Milesse, France",,72650,,72650,Sarthe,,,La Milesse,Pays de la Loire,PDL,1,,,France,fr,0.25,Who's On First,CC0,https://www.whosonfirst.org/docs/licenses/
21 Place Jean-Baptiste Chaverot 42780 VIOLAY;,45.851539,4.355428,"21 Place Jean Baptiste Chaverot, 42780 Violay, France",21,,Place Jean Baptiste Chaverot,42780,Loire,Violay,,Violay,Auvergne-Rhone-Alpes,ARA,1,1,1,France,fr,1,© OpenAddresses contributors,BSD-3-Clause License,
Avenue Clément Pineau 79500 MELLE;,46.230352,-0.1342739,"Rue Clément Pineau, 79500 Melle, France",,Rue Clément Pineau,Rue Clément Pineau,79500,Deux-Sèvres,Melle,,Melle,Nouvelle-Aquitaine,NAQ,1,1,,France,fr,1,© OpenStreetMap contributors,Open Database License,https://www.openstreetmap.org/copyright
salle COSEC rte de la Petite Chapelle 50140 MORTAIN-BOCAGE;,48.64298,-0.936413,"Rue de la Petite Chapelle, 50140 Saint-Jean-Du-Corail, France",,,Rue de la Petite Chapelle,50140,Manche,Saint-Jean-Du-Corail,Mortain,Saint-Jean-Du-Corail,Normandy,NOR,0.5,0.5,,France,fr,0.25,© OpenStreetMap contributors,Open Database License,https://www.openstreetmap.org/copyright
4 rue d'angleterre 49390 VERNANTES;,47.39460149999999,0.0556162033044363,"4 Rue de l'Angleterre, 49390 Vernantes, France",4,,Rue de l'Angleterre,49390,Maine-et-Loire,Le Bourg,,Vernantes,Pays de la Loire,PDL,1,0.7424999999999999,0.7424999999999999,France,fr,0.7424999999999999,© OpenStreetMap contributors,Open Database License,https://www.openstreetmap.org/copyright
Avenue Léo Lagrange 59148 FLINES LES RACHES;,50.427254,3.184694,"2 Avenue Leo Lagrange, 59148 Flines-lez-Raches, France",2,,Avenue Leo Lagrange,59148,Nord,Anhiers,,Flines-lez-Raches,Upper France,,0.405,0.405,0.00004108477327291787,France,fr,0.15540697674418608,© OpenAddresses contributors,BSD-3-Clause License,
"1, impasse de la barrière  54980 BATILLY;",49.173581,5.979838,"54980 Batilly (Batilly), France",,,,54980,Meurthe-et-Moselle,Batilly,,Batilly,Great East,,1,,,France,fr,0.25,Who's On First,CC0,https://www.whosonfirst.org/docs/licenses/
COMPLEXE SPORTIF DES VAUZELLES  16100 CHATEAUBERNARD;,45.790597,1.130889,"Complexe Sportif des Grangettes, 87700 Aixe-sur-Vienne, France",,,Complexe Sportif des Grangettes,87700,Haute-Vienne,Aixe-Sur-Vienne,,Aixe-sur-Vienne,New Aquitaine,,,,,France,fr,0,© OpenStreetMap contributors,Open Database License,https://www.openstreetmap.org/copyright
Salle du Picolo - rue du Piccolo 95210 Saint Gratien;,48.968669,2.278424,"Passage du Piccolo, 95210 Saint-Gratien, France",,,Passage du Piccolo,95210,Val-d'Oise,Saint-Gratien,,Saint-Gratien,Ile-of-France,IDF,1,0.9,,France,fr,0.45,© OpenStreetMap contributors,Open Database License,https://www.openstreetmap.org/copyright
7 avenue François Mitterand  66300 Thuir;,42.62934,2.758715,"Thuir (Thuir), OCC, France",,,,,Pyrénées-Orientales,Thuir,,Thuir,Occitania,OCC,1,,,France,fr,0.25,Who's On First,CC0,https://www.whosonfirst.org/docs/licenses/
Salle du Chevré - Rue Saint Exupéry 35690 ACIGNE;,48.1358191,-1.5408819,"Rue Saint-Exupéry, 35690 Acigné, France",,Rue Saint-Exupéry,Rue Saint-Exupéry,35690,Ille-et-Vilaine,,,Acigné,Brittany,BRE,1,1,,France,fr,0.5,© OpenStreetMap contributors,Open Database License,https://www.openstreetmap.org/copyright
Salle de Tennis - Route de Descartes 86220 Dangé-St Romain;,46.875633,0.591627,"5 Route De Oyré, 86220 Ingrandes, France",5,,Route De Oyré,86220,Vienne,Ingrandes,,Ingrandes,New Aquitaine,,0.3,0.27,0.00001879023371803051,France,fr,0.0675,© OpenAddresses contributors,BSD-3-Clause License,
"gymnase de Lei Garrus, chemin des ange 83470 St Maximin;",43.479186,5.841438,"83470 Saint-Maximin-La-Sainte-Baume, France",,83470,,83470,Var,,,Saint-Maximin-La-Sainte-Baume,Provence-Alpes-Cote d'Azur,PAC,1,,,France,fr,0.25,Who's On First,CC0,https://www.whosonfirst.org/docs/licenses/
rue Jeff Le Penven 56300 PONTIVY;,48.057738,-2.954281,"Rue Jef Le Penven, 56300 Pontivy, France",,,Rue Jef Le Penven,56300,Morbihan,Pontivy,,Pontivy,Brittany,BRE,1,0.675,,France,fr,0.675,© OpenStreetMap contributors,Open Database License,https://www.openstreetmap.org/copyright
Domaine du Pinsan - Salle Omnisport 33320 Eysines;,44.868159,-0.65255,"Salle omnisport du Pinsan, 33320 Eysines, France",,,Salle omnisport du Pinsan,33320,Gironde,Eysines,,Eysines,New Aquitaine,,1,,,France,fr,1,© OpenStreetMap contributors,Open Database License,https://www.openstreetmap.org/copyright
409 rue Edgar Loubry 59970 FRESNES SUR ESCAUT;,50.436194,3.575445,"409 Rue Edgard Loubry, 59970 Fresnes-sur-Escaut, France",409,,Rue Edgard Loubry,59970,Nord,Fresnes-Sur-Escaut,,Fresnes-sur-Escaut,Upper France,,1,0.75,0.75,France,fr,0.75,© OpenAddresses contributors,BSD-3-Clause License,
389 avenue Mchal De Lattre de Tassigy 71000 MACON;,46.305919,4.823162,"71000 Macon (Mâcon), France",,,,71000,Saône-et-Loire,Macon,,Mâcon,Burgundy-Franche-Comte,BFC,1,,,France,fr,0.25,Who's On First,CC0,https://www.whosonfirst.org/docs/licenses/
Salle omnisport 16210 CHALAIS;,45.271909,0.05133,"16210 Chalais, France",,16210,,16210,Charente,,,Chalais,New Aquitaine,,1,,,France,fr,0.25,Who's On First,CC0,https://www.whosonfirst.org/docs/licenses/
25 B Rue du Gén Leclerc 60120 BRETEUIL;,49.575795,2.46803,"25 Rue Du Général Leclerc, 60420 Sains-Morainvillers, France",25,,Rue Du Général Leclerc,60420,Oise,Sains-Morainvillers,,Sains-Morainvillers,Upper France,,0.3,0.3,0.3,France,fr,0.3,© OpenAddresses contributors,BSD-3-Clause License,
"rue du stade, complexe Fernand Sastre 44390 Petit Mars;",47.395109,-1.453303,"Petit-Mars (Petit-Mars), PDL, France",,,,,Loire-Atlantique,Petit-Mars,,Petit-Mars,Pays de la Loire,PDL,0.4444444444444444,,,France,fr,0.29914529914529914,Who's On First,CC0,https://www.whosonfirst.org/docs/licenses/
"42, rue de boishue 50220 Ducey-Les Chéris;",48.615876,-1.296173,"20 Rue De Boishue, 50220 Ducey, France",20,,Rue De Boishue,50220,Manche,Ducey,,Ducey,Normandy,NOR,1,1,0.2727272727272727,France,fr,0.5,© OpenAddresses contributors,BSD-3-Clause License,
378 rue Cornouaille (route de Pannecé) 44522 MESANGER;,47.432582,-1.22913,"Mesanger (Mésanger), PDL, France",,,,,Loire-Atlantique,Mesanger,,Mésanger,Pays de la Loire,PDL,1,,,France,fr,0.25,Who's On First,CC0,https://www.whosonfirst.org/docs/licenses/
Rue cdt Challe 29490 Guipavas ;,48.440925,-4.406808,"Rue du Commandant Challe, 29490 Guipavas, France",,,Rue du Commandant Challe,29490,Finistère,Gouesnou,,Guipavas,Brittany,BRE,1,0.567,,France,fr,0.567,© OpenStreetMap contributors,Open Database License,https://www.openstreetmap.org/copyright
"Gymnase du Collège, 43 rue Fort Bayard 33420 BRANNE;",44.824405,-0.184135,"43 Rue Du Fort Bayard, 33420 Branne, France",43,,Rue Du Fort Bayard,33420,Gironde,Branne,,Branne,New Aquitaine,,1,0.9,0.9,France,fr,0.81,© OpenAddresses contributors,BSD-3-Clause License,
2 Allée des Prairies de la Mer 14150 Ouistreham ;,49.285472,-0.269219,"2 Allée Des Prairies De La Mer, 14150 Ouistreham, France",2,,Allée Des Prairies De La Mer,14150,Calvados,Ouistreham,,Ouistreham,Normandy,NOR,1,1,1,France,fr,1,© OpenAddresses contributors,BSD-3-Clause License,
Avenue de Béziers ou 2 Rue P Langevin 34770 GIGEAN;,43.499843,3.710841,"34770 Gigean (Gigean), France",,,,34770,Hérault,Gigean,,Gigean,Occitania,OCC,1,,,France,fr,0.5,Who's On First,CC0,https://www.whosonfirst.org/docs/licenses/
Complexe Omnisports Marly 50600 Saint Hilaire du harcouet;,48.579749,-1.099765,"Complexe sportif Marly, 50600 Saint-Hilaire-du-Harcouët, France",,,Complexe sportif Marly,50600,Manche,Saint-Martin-De-Landelles,Saint-Hilaire-du-Harcouët,Saint-Hilaire-du-Harcouët,Normandy,NOR,,,,France,fr,0,© OpenStreetMap contributors,Open Database License,https://www.openstreetmap.org/copyright
2 PLACE DES SPORTS RUE DE LA FABRIQUE  79250 NUEIL LES AUBIERS;,46.940448,-0.585376,"2 Place Des Sports, 79250 Nueil-Les-Aubiers, France",2,,Place Des Sports,79250,Deux-Sèvres,Nueil-Les-Aubiers,Nueil-sur-Argent,Nueil-Les-Aubiers,New Aquitaine,,1,0.5,0.5,France,fr,0.5,© OpenAddresses contributors,BSD-3-Clause License,
Gymnase André Caron rue du 19 mars 62460 Divion;,50.4346178,2.4512285,"Rue du 19 Mars, 62460 Diéval, France",,Rue du 19 Mars,Rue du 19 Mars,62460,Pas-de-Calais,,,Diéval,Hauts-de-France,HDF,1,1,,France,fr,0.5,© OpenStreetMap contributors,Open Database License,https://www.openstreetmap.org/copyright
5 rue des Frères Lumières 68200 Mulhouse;,47.7306804,7.3141862,"5 Rue des Frères Lumière, 68200 Mulhouse, France",5,,Rue des Frères Lumière,68200,Haut-Rhin,Mulhouse,,Mulhouse,Great East,,1,1,1,France,fr,1,,,
rue Félicité de Lamenais 53000 LAVAL;,48.056429,-0.797124,"Rue Félicité de Lamennais, 53000 Laval, France",,,Rue Félicité de Lamennais,53000,Mayenne,Laval,,Laval,Pays de la Loire,PDL,1,1,,France,fr,1,© OpenStreetMap contributors,Open Database License,https://www.openstreetmap.org/copyright
Allée Pierre Ferdonnet 18390 ST GERMAIN DU PUY;,47.1042819,2.4840323,"Rue Pierre Ferdonnet, 18390 Saint-Germain-du-Puy, France",,Rue Pierre Ferdonnet,Rue Pierre Ferdonnet,18390,Cher,,,Saint-Germain-du-Puy,Centre-Val de Loire,CVL,1,1,,France,fr,1,© OpenStreetMap contributors,Open Database License,https://www.openstreetmap.org/copyright
Route Du Valy Ledan 29800 SAINT-DIVY;,48.45724975,-4.339359710542089,"Salle polyvalente du Valy-Lédan, Route de Valy Ledan, 29800 Saint-Divy, France",,Salle polyvalente du Valy-Lédan,Route de Valy Ledan,29800,Finistère,,,Saint-Divy,Brittany,BRE,1,1,,France,fr,1,© OpenStreetMap contributors,Open Database License,https://www.openstreetmap.org/copyright
1 rue Pierre Huet 61100 Flers;,48.745673,-0.553584,"13 Rue Pierre Huet, 61100 Flers, France",13,,Rue Pierre Huet,61100,Orne,Flers,,Flers,Normandy,NOR,1,1,0.5,France,fr,0.5,© OpenAddresses contributors,BSD-3-Clause License,
Rue du mitron Salle des sports 79700 RORTHAIS;,46.9156587,-0.7127672,"Rue du Mitron, 79700 Mauléon, France",,Rue du Mitron,Rue du Mitron,79700,Deux-Sèvres,Rorthais,,Mauléon,Nouvelle-Aquitaine,NAQ,1,1,,France,fr,0.5,© OpenStreetMap contributors,Open Database License,https://www.openstreetmap.org/copyright
impasse Jules Ferry 87350 PANAZOL;,45.835723,1.301408,"Panazol (Panazol), New Aquitaine, France",,,,,Haute-Vienne,Panazol,,Panazol,New Aquitaine,,1,,,France,fr,0.5,Who's On First,CC0,https://www.whosonfirst.org/docs/licenses/
Halle sportive – Boulevard Jean Villar 84350 COURTHEZON;,44.091893,4.882567,"Boulevard Jean Vilar, 84350 Courthézon, France",,,Boulevard Jean Vilar,84350,Vaucluse,Courthezon,,Courthézon,Provence-Alpes-Cote d'Azur,PAC,1,0.75,,France,fr,0.375,© OpenStreetMap contributors,Open Database License,https://www.openstreetmap.org/copyright
9 Rue Robert Schuman (gymnase) 26120 MONTELIER;,44.930495,5.027861,"9 Rue Robert Schuman, 26120 Montélier, France",9,,Rue Robert Schuman,26120,Drôme,Montelier,,Montélier,Auvergne-Rhone-Alpes,ARA,1,0.75,0.75,France,fr,0.75,© OpenAddresses contributors,BSD-3-Clause License,
Gymanse Nicolas Vanier Rue rétimare  76190 Yvetot;,49.61746775,0.7696765494412635,"Gymnase Nicolas-Vanier, Rue Rétimare, 76190 Yvetot, France",,Gymnase Nicolas-Vanier,Rue Rétimare,76190,Seine-Maritime,Retimare,,Yvetot,Normandy,NOR,1,0.5,,France,fr,0.25,© OpenStreetMap contributors,Open Database License,https://www.openstreetmap.org/copyright
Rue Georges Mermoz 77400 Lagny sur marne;,48.872685,2.707638,"77400 Lagny-Sur-Marne (Lagny-sur-Marne), France",,,,77400,Seine-et-Marne,Lagny-Sur-Marne,,Lagny-sur-Marne,Ile-of-France,IDF,1,,,France,fr,0.5,Who's On First,CC0,https://www.whosonfirst.org/docs/licenses/
chemin d'Ogimont 59780 Baisieux;,50.611043,3.24341,"Allée d'Ogimont, 59780 Baisieux, France",,,Allée d'Ogimont,59780,Nord,Baisieux,,Baisieux,Upper France,,1,1,,France,fr,1,© OpenStreetMap contributors,Open Database License,https://www.openstreetmap.org/copyright
rue de la beauce 78990 ELANCOURT;,48.76692585,1.945387515326523,"Rue de la Beauce, 78310 Maurepas, France",,Rue de la Beauce,Rue de la Beauce,78310,Yvelines,,,Maurepas,Ile-de-France,IDF,0.3,0.3,,France,fr,0.3,© OpenStreetMap contributors,Open Database License,https://www.openstreetmap.org/copyright
1A Esplanade du 8 Mai 1945 17100 SAINTES;,45.742246,-0.62691,"1ter Esplanade Du 8 Mai 1945, 17100 Saintes, France",1ter,,Esplanade Du 8 Mai 1945,17100,Charente-Maritime,Saintes,,Saintes,New Aquitaine,,1,1,0.95,France,fr,0.95,© OpenAddresses contributors,BSD-3-Clause License,
Complexe Fort Minique - Rue des Glacis 59300 VALENCIENNES;,50.3636736,3.5362257,"Rue des Glacis, 59300 Valenciennes, France",,Rue des Glacis,Rue des Glacis,59300,Nord,,,Valenciennes,Hauts-de-France,HDF,1,1,,France,fr,0.5,© OpenStreetMap contributors,Open Database License,https://www.openstreetmap.org/copyright
Complexe DUHOURQUET  rue Marcel Sembat 33130 BEGLES;,44.8201588,-0.539608,"Rue Marcel Sembat, 33130 Bègles, France",,Rue Marcel Sembat,Rue Marcel Sembat,33130,Gironde,,Terres Neuves,Bègles,Nouvelle-Aquitaine,NAQ,1,1,,France,fr,0.5,© OpenStreetMap contributors,Open Database License,https://www.openstreetmap.org/copyright
Salle Omnisport A BourviCour du Chêne  76740 Fontaine-le-Dun;,,,,,,,,,,,,,,,,,,,,,,
"Gymnase C3R, 3 rue des écoles 78470 ST REMY LES CHEVREUSE;",48.7068676,2.0690255,"3 Rue des Écoles, 78470 Saint-Rémy-lès-Chevreuse, France",3,,Rue des Écoles,78470,Yvelines,Rhodon,,Saint-Rémy-lès-Chevreuse,Ile-de-France,IDF,1,1,1,France,fr,0.9,© OpenStreetMap contributors,Open Database License,https://www.openstreetmap.org/copyright
2 Impasse des FrèresPratesi 13090 AIX EN PROVENCE;,43.526046,5.44467,"Aix-en-Provence (Aix-en-Provence), PAC, France",,,,,Bouches-du-Rhône,Aix-en-Provence,,Aix-en-Provence,Provence-Alpes-Cote d'Azur,PAC,1,,,France,fr,0.25,Who's On First,CC0,https://www.whosonfirst.org/docs/licenses/
route de vallet 44330 le pallet;,47.1329598,-1.2481476,"Route de Vallet, 44330 Mouzillon, France",,Route de Vallet,Route de Vallet,44330,Loire-Atlantique,,,Mouzillon,Pays de la Loire,PDL,1,1,,France,fr,1,© OpenStreetMap contributors,Open Database License,https://www.openstreetmap.org/copyright
Complexe sportif de Gueux  51390 GUEUX;,50.11466,3.218118,"Complexe sportif de Masnières, 59241 Masnières, France",,,Complexe sportif de Masnières,59241,Nord,Masnieres,,Masnières,Upper France,,,,,France,fr,0,© OpenStreetMap contributors,Open Database License,https://www.openstreetmap.org/copyright
rue Youri Gargarine 59139 Wattignies;,50.587544,3.037364,"Rue Youri Gagarine, 59139 Wattignies, France",,,Rue Youri Gagarine,59139,Nord,Wattignies,,Wattignies,Upper France,,1,1,,France,fr,1,© OpenStreetMap contributors,Open Database License,https://www.openstreetmap.org/copyright
Complexe Sportif de l'Europe  49100 ANGERS;,47.11710045,-0.7936630699205992,"Complexe Sportif de l'Èvre, Rue Pasteur, 49340 Trémentines, France",,Complexe Sportif de l'Èvre,Rue Pasteur,49340,Maine-et-Loire,Les Hauts de Pichin,,Trémentines,Pays de la Loire,PDL,0.3,,,France,fr,0.15,© OpenStreetMap contributors,Open Database License,https://www.openstreetmap.org/copyright
rue léo lagrange COSEC 46130 biars sur cere;,44.920065,1.8420641,"Rue Léo Lagrange, 46130 Biars-sur-Cère, France",,Rue Léo Lagrange,Rue Léo Lagrange,46130,Lot,,,Biars-sur-Cère,Occitania,OCC,1,1,,France,fr,0.95,© OpenStreetMap contributors,Open Database License,https://www.openstreetmap.org/copyright
"Gymnase Pivert, 101 rue Saint Leger 78100 Saint Germain en Laye;",48.8937356,2.0621795,"101 Rue Saint-Léger, 78100 Saint-Germain-en-Laye, France",101,,Rue Saint-Léger,78100,Yvelines,Saint-Germain-en-Laye,,Saint-Germain-en-Laye,Ile-de-France,IDF,1,1,1,France,fr,0.9,© OpenStreetMap contributors,Open Database License,https://www.openstreetmap.org/copyright
SAlle omnisports  22200 GRâces;,48.556384,-3.183293,"Salle multi culturel, 22200 Grâces, France",,,Salle multi culturel,22200,Côtes-d'Armor,Graces,,Grâces,Brittany,BRE,1,,,France,fr,1,© OpenStreetMap contributors,Open Database License,https://www.openstreetmap.org/copyright
"Palais des Sports, Rue de la Beauce 78990 Elancourt;",48.7666184,1.944260874723222,"Conservatoire de Musique, Rue de la Beauce, 78310 Maurepas, France",,Conservatoire de Musique,Rue de la Beauce,78310,Yvelines,,,Maurepas,Ile-de-France,IDF,0.3,0.3,,France,fr,0.15,© OpenStreetMap contributors,Open Database License,https://www.openstreetmap.org/copyright
Gymnase Arcade Place de l'Europe 38340 Voreppe;,45.301117,5.656122,"38340 Voreppe, France",,38340,,38340,Isère,,,Voreppe,Auvergne-Rhone-Alpes,ARA,1,,,France,fr,0.25,Who's On First,CC0,https://www.whosonfirst.org/docs/licenses/
2 place Elizalde 64240 HASPARREN;,43.38424,-1.304426,"2 Place Elizaldia, 64240 Hasparren, France",2,,Place Elizaldia,64240,Pyrénées-Atlantiques,Hasparren,,Hasparren,New Aquitaine,,1,0.7000000000000001,0.7000000000000001,France,fr,0.7000000000000001,© OpenAddresses contributors,BSD-3-Clause License,
LE COSEC LA BORDEBASSE 81100 CASTRES;,43.6074522,2.2395882,"La Cerise sur le Gâteau, Rue Sabaterie, 81100 Castres, France",,La Cerise sur le Gâteau,Rue Sabaterie,81100,Tarn,Castres,Le Travet,Castres,Occitania,OCC,1,,,France,fr,0,© OpenStreetMap contributors,Open Database License,https://www.openstreetmap.org/copyright
GYMNASE GEORGES POMPIDOU 94300 VINCENNES;,48.848639,2.435642,"4 Allee Georges Pompidou, 94300 Vincennes, France",4,,Allee Georges Pompidou,94300,Val-de-Marne,Vincennes,,Vincennes,Ile-of-France,IDF,1,,,France,fr,0,© OpenAddresses contributors,BSD-3-Clause License,
Aire couverte 16190 MONTMOREAU;,45.395269,0.122925,"16190 Saint-Laurent-De-Belzagot, France",,16190,,16190,Charente,,,Saint-Laurent-De-Belzagot,New Aquitaine,,1,,,France,fr,0.25,Who's On First,CC0,https://www.whosonfirst.org/docs/licenses/
Salle des Sports ; rue Gabriel DAVENNE 08300 TAGNON;,49.439296,4.286763,"Tagnon (Tagnon), Great East, France",,,,,Ardennes,Tagnon,,Tagnon,Great East,,1,,,France,fr,0.25,Who's On First,CC0,https://www.whosonfirst.org/docs/licenses/
"48, Rue de la Diligence  79100 THOUARS - Sainte VERGE;",47.003655,-0.210236,"48 Rue De La Diligence, 79100 Sainte-Verge, France",48,,Rue De La Diligence,79100,Deux-Sèvres,Sainte-Verge,,Sainte-Verge,New Aquitaine,,1,1,1,France,fr,1,© OpenAddresses contributors,BSD-3-Clause License,
"Gymnase C3R, 3 rue des écoles 78470 Saint-Rémy-lès-Chevreuse;",48.7068676,2.0690255,"3 Rue des Écoles, 78470 Saint-Rémy-lès-Chevreuse, France",3,,Rue des Écoles,78470,Yvelines,Rhodon,,Saint-Rémy-lès-Chevreuse,Ile-de-France,IDF,1,1,1,France,fr,0.9,© OpenStreetMap contributors,Open Database License,https://www.openstreetmap.org/copyright
"Gymnase du Montvillers, Ruelle Fondue 08140 BAZEILLES;",49.6786726,4.9793279,"Rue Fondue, 08140 Bazeilles, France",,Rue Fondue,Rue Fondue,08140,Ardennes,Bazeilles,,Bazeilles,Grand Est,GES,1,1,,France,fr,0.5,© OpenStreetMap contributors,Open Database License,https://www.openstreetmap.org/copyright
11 Boulevard Pierre et Mari Curie 26700 PIERRELATTE;,44.384236,4.697683,"11 Boulevard Pierre Et Marie Curie, 26700 Pierrelatte, France",11,,Boulevard Pierre Et Marie Curie,26700,Drôme,Pierrelatte,,Pierrelatte,Auvergne-Rhone-Alpes,ARA,1,0.7200000000000001,0.7200000000000001,France,fr,0.7200000000000001,© OpenAddresses contributors,BSD-3-Clause License,
Rue Per Jakez Hellias 56390 GRAND-CHAMP;,47.758601,-2.85165,"56390 Grand-Champ (Grand-Champ), France",,,,56390,Morbihan,Grand-Champ,,Grand-Champ,Brittany,BRE,1,,,France,fr,0.5,Who's On First,CC0,https://www.whosonfirst.org/docs/licenses/
1 A Esplanade du 8 mai 1945 17100 SAINTES;,45.74135,-0.62898,"1 Esplanade Du 8 Mai 1945, 17100 Saintes, France",1,,Esplanade Du 8 Mai 1945,17100,Charente-Maritime,Saintes,,Saintes,New Aquitaine,,1,1,1,France,fr,1,© OpenAddresses contributors,BSD-3-Clause License,
Chemin de Beau Soleil 51200 EPERNAY;,49.039801,3.955169,"51200 Epernay (Épernay), France",,,,51200,Marne,Epernay,,Épernay,Great East,,1,,,France,fr,0.5,Who's On First,CC0,https://www.whosonfirst.org/docs/licenses/
"Gymnase du collège, avenue Paul Valéry 34800 Clermont L'hérault;",43.6345524,3.4325524,"Avenue Paul Valéry, 34800 Clermont-l'Hérault, France",,Avenue Paul Valéry,Avenue Paul Valéry,34800,Hérault,,,Clermont-l'Hérault,Occitania,OCC,1,1,,France,fr,0.5,© OpenStreetMap contributors,Open Database License,https://www.openstreetmap.org/copyright
Gymnase la Coutancière 44240 La Chapelle sur Erdre;,47.32676,-1.536552,"1 La Marvillière, 44240 Sucé-sur-Erdre, France",1,,La Marvillière,44240,Loire-Atlantique,Suce-Sur-Erdre,,Sucé-sur-Erdre,Pays de la Loire,PDL,1,,,France,fr,0,© OpenAddresses contributors,BSD-3-Clause License,
rue eugene guillaume 51190 LE MESNIL SUR OGER;,48.949778,4.02738,"Avenue Eugène Guillaume, 51190 Le Mesnil-sur-Oger, France",,,Avenue Eugène Guillaume,51190,Marne,Le Mesnil-Sur-Oger,,Le Mesnil-sur-Oger,Great East,,1,1,,France,fr,1,© OpenStreetMap contributors,Open Database License,https://www.openstreetmap.org/copyright